sentences,puzzle_word,level
She occasionally sobs when recalling sad memories.,sobs,A
They skate gracefully on the ice rink.,skate,C
He initiates humanitarian missions.,initiates,A
The spy likes to eavesdrop on secret conversations.,eavesdrop,S
He plays with his dog in the park.,plays,B
He likes to eavesdrop on his neighbor's conversations.,eavesdrop,A
The conductor guides the orchestra with precision.,guides,B
She caresses the soft kitten.,caresses,B
The detective carefully scrutinizes the crime scene.,scrutinizes,S
They play tag in the park.,play,C
They swim in the crystal-clear waters of the lake.,swim,C
The chef cooks a gourmet meal.,cooks,B
The scientist will scrutinize the research findings.,scrutinize,A
She whispers secrets to her best friend.,whispers,B
She reads a book under the shade of a tree.,reads,B
The elephant sprays itself with water.,elephant,C
She swings on the playground swing.,swings,C
The investigator interrogates the suspect.,interrogates,S
He conducts experiments in the laboratory.,conducts,B
The firefighter sprays water to put out the fire.,sprays,C
He flies a kite at the beach.,flies,C
He computes intricate algorithms for computer graphics.,computes,S
The couple chortles at a funny joke.,chortles,A
She researches the history of ancient civilizations.,researches,B
The biochemist will purify the DNA sample for analysis.,purify,S
The scientist discovers a new species.,discovers,A
He fixes cars for a living.,fixes,B
He conducted a comprehensive longitudinal psychological study.,conducted,S
The conductor guides the orchestra with precision.,guides,A
He dances to the rhythm of the music.,dances,C
She sculpts a masterpiece from clay.,sculpts,A
He patents innovative inventions.,patents,S
The photographer will oversee the entire photoshoot.,oversee,S
The chef grills juicy steaks on the barbecue.,grills,C
She hugs her teddy bear tightly.,hugs,C
He rides his bike in the park.,rides,C
He fixes the leaky faucet in the kitchen.,fixes,C
They compute the trajectory of the spacecraft.,compute,B
The tiger prowls through the jungle.,tiger,C
She produced critically acclaimed films.,produced,S
The surgeon must manipulate delicate tissues during the operation.,manipulate,S
The chef prepares a gourmet meal for the guests.,prepares,B
The shark swims in the deep ocean.,shark,C
She explores new hiking trails in the mountains.,explores,A
He impels his team to achieve greatness.,impels,S
The scientist discovers a new species.,discovers,A
The explorer decided to meander through the dense jungle.,meander,S
They color with crayons on paper.,color,C
They waddle like penguins at the zoo.,waddle,C
They skate at the ice rink.,skate,B
He extrapolates data to make predictions.,extrapolates,S
"He ambles through the park, enjoying the scenery.",ambles,A
They climb to the mountain's summit.,climb,C
They oversee the construction project with great care.,oversee,S
The chef prepares a gourmet meal for the guests.,prepares,C
The detective carefully scrutinizes the crime scene.,scrutinizes,S
The diplomats discourse on international relations.,discourse,S
He coordinates the logistics of the event.,coordinates,B
He likes to converse with people from different cultures.,converse,A
Let's gobble down our delicious meal.,gobble,B
He jots down notes during the meeting.,jots,B
She rides a rollercoaster at the theme park.,rides,C
The kids love to run around in the park.,run,C
We'll grill burgers for dinner.,grill,B
They research cutting-edge medical treatments.,research,A
She secured numerous patents for revolutionary inventions.,secured,S
The acrobat executed a perfect somersault in mid-air.,somersault,S
She administers medication to her patients.,administers,B
He smiles warmly at everyone he meets.,smiles,C
He catches the ball with one hand.,catches,C
The eagle soars high in the sky.,eagle,C
They build a sandcastle on the beach.,build,C
He programs software to solve real-world problems.,programs,B
He designs innovative solutions for his clients.,designs,A
The chameleon changes color to blend in.,chameleon,C
The musician plays a melodic tune on the piano.,plays,C
She programs software to solve real-world problems.,programs,B
He skips rope during his workout.,skips,B
She directs a blockbuster movie production.,directs,A
The renowned artist sculpted breathtaking masterpieces from rare materials.,sculpted,S
She implements a comprehensive healthcare system.,implements,A
She seals the envelope with care.,seals,B
The biochemist will purify the DNA sample for analysis.,purify,S
She snuggles with her teddy bear.,snuggles,C
She devises innovative solutions for complex problems.,devises,S
The koala clings to the eucalyptus tree.,koala,C
The cheetah is the fastest land animal.,cheetah,C
She blows a kiss to her loved one.,blows,C
She fastens her seatbelt before driving.,fastens,A
The rhinoceros has a horn on its nose.,rhinoceros,C
She coordinates disaster relief efforts.,coordinates,A
He organizes a charity fundraiser.,organizes,B
The bird sings a beautiful song.,bird,C
He patents groundbreaking inventions.,patents,S
He founded transformative humanitarian missions.,founded,S
We grin at each other in excitement.,grin,B
The coach motivates the team to victory.,motivates,A
The teacher wipes the chalkboard clean.,wipes,C
She implements new policies in the company.,implements,B
He constructs a model of the solar system.,constructs,B
The submarine will submerge into the deep ocean waters.,submerge,S
The teacher teaches the students with passion.,teaches,C
He constructs innovative green energy solutions.,constructs,A
They collaborate on a school project.,collaborate,B
She interprets ancient manuscripts.,interprets,A
They forecast economic trends for the financial market.,forecast,S
They negotiate international peace agreements.,negotiate,A
He strategizes marketing campaigns.,strategizes,A
The seagull soars over the ocean.,seagull,C
The athlete can leap very high.,leap,B
She swims in the ocean on a hot day.,swims,C
He pioneers breakthroughs in scientific research.,pioneers,A
He crawls under the table to hide.,crawls,C
She researches the history of ancient civilizations.,researches,B
She supervises a multinational corporation.,supervises,A
He evaluates the performance of his employees.,evaluates,B
She whispers a secret to her best friend.,whispers,C
He smiles at strangers passing by.,smiles,B
She volunteers at the local shelter.,volunteers,B
The giraffe has a long neck.,giraffe,C
She dreams of a bright future.,dreams,B
He composes poetry in his free time.,composes,B
She giggles at the funny movie.,giggles,B
He extrapolates data to make informed predictions.,extrapolates,S
The CEO oversees global operations.,oversees,A
They paint colorful pictures.,paint,C
She volunteers at the local shelter.,volunteers,B
The artist creates intricate sculptures from marble.,creates,C
They splash in puddles after the rain.,splash,C
The director assembles a diverse cast for the film.,assembles,S
They caress the delicate petals of the rare flower.,caress,S
The conductor guides the orchestra with precision.,guides,A
The wanderer yearns to explore uncharted territories.,explore,S
He skips stones across the calm lake.,skips,B
The chicken lays fresh eggs.,chicken,C
We study together for exams.,study,B
She patents groundbreaking inventions.,patents,A
They forecast market trends for the business.,forecast,S
They shout with joy at the surprise party.,shout,C
He juggles colorful balls in the park.,juggles,C
They doze off during the long train ride.,doze,A
The owl hoots in the night.,owl,C
She likes to peruse magazines at the store.,peruse,B
They compose music for a new film soundtrack.,compose,B
She dances gracefully on the stage.,dances,B
He revolutionized scientific research with groundbreaking discoveries.,revolutionized,S
He constructs a model of the solar system.,constructs,A
We linger in the park after sunset.,linger,B
They compose music for a new film soundtrack.,compose,A
She reclines on the luxurious chaise lounge.,reclines,S
He orchestrates a diplomatic summit.,orchestrates,A
She examines the patient's medical history.,examines,B
The conductor composes a symphony for the orchestra.,composes,S
He unfastens his seatbelt to exit the car.,unfastens,A
They leap over the hurdle with ease.,leap,B
"After a long day, she seeks to repose in her favorite chair.",repose,S
They explore uncharted territories in search of treasure.,explore,S
She composes a sonata for piano and violin.,composes,S
The engineer aims to propel the rocket into space.,propel,S
He negotiates a complex business deal.,negotiates,A
They navigate through a dense forest.,navigate,A
The chemist will purify the sample.,purify,A
She rides a horse in the countryside.,rides,C
They kick a soccer ball in the park.,kick,C
She dissects complex issues to understand them better.,dissects,S
They analyze geological formations in the wilderness.,analyze,S
They research cutting-edge medical treatments.,research,A
The spy likes to eavesdrop on secret conversations.,eavesdrop,S
The fish swims gracefully in the aquarium.,fish,C
He washes his hands before dinner.,washes,C
The scientist discovers a new species.,discovers,A
They sauté the vegetables in a hot pan.,sauté,A
He conducts a psychological study.,conducts,A
He vaults over the high bar with finesse.,vaults,A
He constructs a model of the solar system.,constructs,B
They travel to new destinations every year.,travel,B
She feeds the hungry ducks at the pond.,feeds,C
"She reclines on the beach, soaking up the sun.",reclines,A
The platypus is a unique mammal.,platypus,C
The jellyfish drifts in the water.,jellyfish,C
They read a captivating story before bedtime.,read,C
She rinses her face with cold water.,rinses,B
We relax on the beach during vacation.,relax,B
The geologist analyzes rock formations in the field.,analyzes,S
They wave goodbye as the train departs.,wave,C
The lion is known as the king of the jungle.,lion,C
They propose groundbreaking scientific theories.,propose,S
"They linger in the art gallery, admiring the masterpieces.",linger,S
The scientist will meticulously analyze the complex data.,analyze,S
They celebrate birthdays with cake.,celebrate,B
They design innovative solutions for their clients.,design,B
He organizes a charity fundraiser.,organizes,B
She writes in her journal every night.,writes,B
The explorer loves to wander through remote wilderness areas.,wander,S
He shoves the heavy box into the truck.,shoves,B
The lawyer litigates a high-profile case.,litigates,A
He composes poetry in his free time.,composes,A
She bakes cookies for the holiday season.,bakes,C
She researches the history of ancient civilizations.,researches,A
He repairs broken appliances at home.,repairs,B
They synthesize new chemical compounds for experimentation.,synthesize,S
She rides her bike through the scenic countryside.,rides,C
The dolphin leaps out of the water.,dolphin,C
I smile when I see a rainbow.,smile,B
"The children frolic in the park, laughing and playing.",frolic,A
They laugh heartily at the comedian's jokes.,laugh,B
She sings her favorite song in the shower.,sings,B
The group bursts into spontaneous guffaws at the comedy show.,guffaws,S
The chef prepares a gourmet meal for the guests.,prepares,B
They run marathons for charity.,run,B
He watches the stars twinkle at night.,watches,C
She coordinates the logistics of the event.,coordinates,B
The butterfly flutters among flowers.,butterfly,C
We listen to music on long car rides.,listen,B
He plays with his dog in the park.,plays,B
The elephant is the largest land animal.,elephant,C
The kangaroo has powerful hind legs.,kangaroo,C
The chef prepares a gourmet meal for the guests.,prepares,B
She computes complex algorithms for artificial intelligence.,computes,S
They navigated intricate international legal frameworks.,navigated,S
The attorney litigated a landmark constitutional case.,litigated,S
He exercises at the gym regularly.,exercises,C
The pilot navigates the plane through turbulent skies.,navigates,B
The astronomer aims to observe distant galaxies.,observe,S
They fabricate intricate jewelry.,fabricate,A
The gardener prunes the bushes in the park.,prunes,B
He whispers a secret in her ear.,whispers,B
She beams with happiness.,beams,B
She examines the patient's medical history.,examines,B
He eats a delicious slice of pizza.,eats,C
I smile when I see a rainbow.,smile,B
We watch movies on Friday nights.,watch,B
The surgeon performs a delicate procedure.,performs,A
They negotiated international peace agreements.,negotiated,S
The squirrel collects acorns in the park.,squirrel,C
She takes a nap on the comfy couch.,nap,B
She sometimes laments the loss of her loved ones.,laments,S
The dancers twirl gracefully on the stage.,twirl,A
The children tug at the rope in a game.,tug,B
She takes a nap on the cozy couch.,nap,A
He rolls the dice for a board game.,rolls,C
She watches the sunrise from her balcony.,watches,C
"They gambol through the meadow, full of energy.",gambol,A
She wears a red dress to the party.,wears,C
He reclines on the hammock in the garden.,reclines,A
He cooks a delicious meal for his family.,cooks,C
She synchronizes her movements with the music.,synchronizes,S
She will transcribe the interview recording.,transcribe,A
"After a long day, she seeks to repose in her favorite chair.",repose,S
She whimpers when she's sad.,whimpers,B
The mouse nibbles on a piece of cheese.,mouse,C
They monitor the security cameras closely.,monitor,A
She cares for injured animals.,cares,B
The chef cooks a gourmet meal.,cooks,B
I smell the fresh flowers in the garden.,smell,B
She throws the ball to her friend.,throws,C
"They osculate in the moonlight, lost in their love.",osculate,S
He cuts a slice of birthday cake.,cuts,C
They administer a large-scale vaccination program.,administer,A
The ballerina executes a flawless pirouette on her toes.,pirouette,S
He reads the newspaper every morning.,reads,B
The dog barked loudly in the yard.,dog,C
He engineered cutting-edge green energy solutions.,engineered,S
She plans to monitor the progress of the project closely.,monitor,A
He optimized supply chain logistics to enhance efficiency.,optimized,S
She evaluates the performance of her employees.,evaluates,B
She catches a butterfly in her hand.,catches,C
She watches the sunset with awe.,watches,B
The pilot guides the plane through turbulent skies.,guides,B
The conductor orchestrates a symphony performance.,orchestrates,S
The scientist will scrutinize the research findings.,scrutinize,A
She winks playfully at her friend.,winks,C
They sauté the vegetables in a hot pan.,sauté,A
The hiker will wade across the shallow river.,wade,A
She orchestrates a grand musical performance.,orchestrates,S
She interpreted ancient manuscripts to unlock historical mysteries.,interpreted,S
I jump in excitement when I'm happy.,jump,B
He conducts experiments in the laboratory.,conducts,A
The parrot can mimic human speech.,parrot,C
He hikes through the forest on weekends.,hikes,B
The food sizzles on the grill.,sizzles,B
She coordinated disaster relief efforts.,coordinated,S
They construct elaborate mathematical proofs.,construct,S
The chef cooks a tasty meal.,cooks,C
The chef prepares a gourmet meal for the guests.,prepares,A
The architect designs sustainable buildings.,designs,S
The coach motivates the team to victory.,motivates,B
They surveil the area with hidden cameras.,surveil,S
She directs a play at the local theater.,directs,B
The scientist will meticulously analyze the complex data.,analyze,S
They design innovative solutions for their clients.,design,B
She loves to twirl around in her dress.,twirl,B
The coach motivates the team to victory.,motivates,B
He marches proudly in the parade.,marches,C
She bakes a batch of chocolate chip cookies.,bakes,C
The submarine will submerge into the deep ocean waters.,submerge,S
She calculates the trajectory of the spacecraft.,calculates,S
He skims through the newspaper quickly.,skims,B
They negotiate a business deal with a client.,negotiate,A
The tugboat will tow the larger ship.,tow,A
The innovative engineer pioneered autonomous humanoid robots.,pioneered,S
She sculpts a masterpiece from clay.,sculpts,B
He corroborates his research findings with additional data.,corroborates,S
They chop vegetables for a salad.,chop,C
He dances with elegance at the ball.,dances,C
He constructs a model of the solar system.,constructs,A
The pig rolls in the mud.,pig,C
He heeds advice from his parents.,heeds,B
The photographer will oversee the entire photoshoot.,oversee,S
The bear hibernates during the winter.,bear,C
She directs a play at the local theater.,directs,B
The zebra has black and white stripes.,zebra,C
They synthesize organic compounds in the lab.,synthesize,A
They embrace each other warmly.,embrace,B
He engineers a cutting-edge technology.,engineers,A
He hauls the heavy load with determination.,hauls,S
The teacher teaches the students.,teaches,B
They compose music for a new film soundtrack.,compose,B
She examines the patient's medical history.,examines,A
We watch movies on Friday nights.,watch,B
They bark loudly when the doorbell rings.,bark,C
They wave to their friends across the street.,wave,C
The artist sculpts sculptures from rare materials.,sculpts,A
She administers medication to her patients.,administers,B
He fixes a broken bicycle.,fixes,C
She plans to monitor the progress of the project closely.,monitor,A
The couple gazes at the stars at night.,gazes,B
The conductor guides the orchestra with precision.,guides,B
The kitten pounces on a toy mouse.,kitten,C
They navigate through a dense forest.,navigate,A
They hike through the forest on weekends.,hike,B
He computes complex mathematical equations.,computes,B
The goat climbs the rocky hill.,goat,C
She sears the steak to perfection.,sears,A
He conducts experiments in the laboratory.,conducts,B
She photographs beautiful landscapes.,photographs,B
She scrutinizes the painting in detail.,scrutinizes,A
He engineered a groundbreaking AI algorithm.,engineered,S
They marvel at the stunning sunset.,marvel,B
They compose music for a new film soundtrack.,compose,A
He constructs mathematical models to solve problems.,constructs,S
The chemist needs to seethe the solution at a specific temperature.,seethe,S
They run races at the school sports day.,run,C
They jog together in the morning.,jog,B
They navigate through a dense forest.,navigate,B
He constructs innovative green energy solutions.,constructs,A
They design innovative solutions for their clients.,design,A
She supervises a multinational corporation.,supervises,A
He calculates complex equations for his research.,calculates,A
They swim in the pool on hot summer days.,swim,C
The peacock displays its colorful feathers.,peacock,C
The hiker will wade across the shallow river.,wade,A
The detective will intercept the secret message.,intercept,S
They administered a massive nationwide vaccination initiative.,administered,S
The cow grazes in the pasture.,cow,C
The lobster has claws for defense.,lobster,C
The skilled surgeon performed a life-saving procedure.,performed,S
She sculpts intricate figurines from clay.,sculpts,S
He can jump over the small fence.,jump,C
They analyze financial data for investment decisions.,analyze,A
They assemble a team to complete the project.,assemble,A
They assemble a team to complete the project.,assemble,B
She organizes a charity fundraiser.,organizes,B
She patents groundbreaking inventions.,patents,A
They compose music for a new film soundtrack.,compose,B
The detective eavesdrops on a suspicious conversation.,eavesdrops,A
He rides his bike to work.,rides,B
The gorilla is a strong and intelligent ape.,gorilla,C
The explorer decided to meander through the dense jungle.,meander,S
We study together for exams.,study,B
She hops on one foot during the game.,hops,C
She gazes at the stars in wonder.,gazes,A
He plants flowers in the garden.,plants,B
The penguin waddles on ice.,penguin,C
He snaps a photo of the beautiful sunset.,snaps,C
She cares for injured animals.,cares,B
They synthesized a novel pharmaceutical compound.,synthesized,S
She immerses herself in a good book.,immerses,A
She pirouettes gracefully on the stage.,pirouettes,A
He unlatches the gate to the garden.,unlatches,B
The scientist will analyze the DNA samples for genetic markers.,analyze,S
They synthesize organic compounds in the lab.,synthesize,A
He gives her a warm hug.,hug.,B
She cavorts with the dolphins in the crystal-clear water.,cavorts,S
The architect drafts plans for a new building.,drafts,A
She strategizes marketing campaigns.,strategizes,A
They fabricated exquisite jewelry pieces.,fabricated,S
She pirouettes gracefully in her ballet performance.,pirouettes,S
She paints a beautiful landscape with vibrant colors.,paints,C
He conducts experiments in the laboratory.,conducts,A
I scrub the dishes after dinner.,scrub,B
The lawyer litigates a high-profile case.,litigates,A
I chat with my friend on the phone.,chat,B
He repairs broken appliances at home.,repairs,B
She grins from ear to ear.,grins,B
She negotiates a complex business deal.,negotiates,A
We often loiter around the mall on weekends.,loiter,A
He strokes the cat's fur gently.,strokes,A
They analyze market trends for investment.,analyze,A
She slides down the snowy hill on a sled.,slides,C
The scientist will analyze the chemical composition of the substance.,analyze,S
She evaluates the performance of her employees.,evaluates,A
They clap their hands in applause.,clap,B
The pilot navigates the plane through turbulent skies.,navigates,A
The couple osculates passionately in the moonlight.,osculates,S
The bird sings a sweet melody.,sings,C
The dancers cavort gracefully on the grand stage.,cavort,S
The athlete jumps over the high bar with grace.,jumps,C
The sun shines through the clouds.,shines,C
She evaluates the performance of her employees.,evaluates,A
He orchestrated a peace summit between nations.,orchestrated,S
The baby laughs at funny faces.,laughs,C
He optimizes supply chain logistics.,optimizes,A
The scientist observes the behavior of ants.,observes,C
They assemble a team to complete the project.,assemble,A
The chemist needs to seethe the solution at a specific temperature.,seethe,S
He marvels at the wonders of nature.,marvels,B
She programs software to solve real-world problems.,programs,A
He conducts a psychological study.,conducts,A
The seasoned CEO oversaw global operations.,oversaw,S
She darts through the crowded city streets.,darts,A
The horse galloped across the field.,horse,C
The artist impels the audience to ponder the meaning of his painting.,impels,S
The turtle has a hard shell.,turtle,C
The mechanic fixes the car's engine.,fixes,C
We exercise at the gym regularly.,exercise,B
She sculpts a masterpiece from clay.,sculpts,B
"He ambles through the park, enjoying the scenery.",ambles,A
The dancers cavort gracefully on the grand stage.,cavort,S
They propel the boat forward with oars.,propel,A
She whispers a secret to her friend.,whispers,C
The car honks loudly in traffic.,honks,C
She will transcribe the interview recording.,transcribe,A
The journalist aims to document the historical event.,document,S
She devised marketing campaigns for global brands.,devised,S
They travel to new destinations every year.,travel,B
The detective interrogates the key witnesses.,interrogates,S
She evaluates the performance of her employees.,evaluates,B
The coach motivates the team to victory.,motivates,A
They draw colorful pictures on the sidewalk.,draw,C
She administers medication to her patients.,administers,A
They analyze financial data for investment decisions.,analyze,A
He reads the newspaper every morning.,reads,B
They conceptualize innovative ideas for their startup.,conceptualize,S
He caresses the strings of his guitar.,caresses,A
She sculptures clay into intricate figurines.,sculptures,S
The crocodile lurks in the water.,crocodile,C
The baby giggles when tickled.,giggles,C
He coordinates the logistics of the event.,coordinates,A
He organizes a charity fundraiser.,organizes,A
They analyze financial data for investment decisions.,analyze,B
They savor the taste of fine wine.,savor,B
"She reclines on the beach, soaking up the sun.",reclines,A
"During the earthquake, the building began to tumble down.",tumble,S
They float on inflatable rafts in the pool.,float,C
They fabricate intricate jewelry.,fabricate,A
She dissects intricate legal arguments in the courtroom.,dissects,S
The architect designs sustainable buildings.,designs,A
He repairs broken appliances at home.,repairs,A
He repairs broken appliances at home.,repairs,A
They synthesize chemical compounds for research.,synthesize,S
The baker mixes the batter for cupcakes.,mixes,C
"The children frolic in the park, laughing and playing.",frolic,A
She darts through the crowded city streets.,darts,A
The engineer develops advanced robotics.,develops,A
He composes poetry in his free time.,composes,B
They negotiate international peace agreements.,negotiate,A
The sun shines brightly in the sky.,shines,C
"During the storm, the ship began to surge on the turbulent seas.",surge,S
She reads a bedtime story to her child.,reads,C
The artist sketches a beautiful landscape.,sketches,C
They cycle through the countryside.,cycle,B
They research the history of ancient civilizations.,research,A
He initiates humanitarian missions.,initiates,A
She strategizes marketing campaigns.,strategizes,A
He builds a sandcastle on the beach.,builds,C
He wanders through the ancient ruins.,wanders,A
They navigate through a dense forest.,navigate,B
She navigates the ship through stormy waters.,navigates,B
They assemble a team to complete the project.,assemble,B
The gardener plants flowers in the park.,plants,B
She coordinates the logistics of the event.,coordinates,A
They blow out the birthday candles.,blow,C
I chat with my friend at the cafe.,chat,B
I gobble down my breakfast.,gobble,B
She directs a play at the local theater.,directs,A
She administers medication to her patients.,administers,B
She writes in her journal every night.,writes,B
She directs a play at the local theater.,directs,A
He tiptoes quietly up the stairs.,tiptoes,B
They surveil the area with hidden cameras.,surveil,S
She negotiated a multimillion-dollar merger successfully.,negotiated,S
She sometimes weeps during sad movies.,weeps,B
The playwright crafts compelling dialogues for the play.,crafts,S
The engineer develops advanced robotics.,develops,A
He dives into the pool with a splash.,dives,C
He programs software to solve real-world problems.,programs,A
"During the hurricane, the ship began to surge in the tumultuous sea.",surge,S
He likes to converse with people from different cultures.,converse,A
I wave to my neighbor every morning.,wave,B
The tugboat will haul the cargo ship into the harbor.,haul,S
The detective eavesdrops on a suspicious conversation.,eavesdrops,A
The butterfly flits from flower to flower.,butterfly,C
The artist paints a beautiful landscape.,paints,B
He drives his car to work every day.,drives,C
She theorizes about the behavior of subatomic particles.,theorizes,S
"After work, he likes to lounge on the sofa and watch TV.",lounge,A
The kids doodle on their sketchbooks.,doodle,B
The scientists propose a revolutionary hypothesis.,propose,S
He organizes a charity fundraiser.,organizes,A
The CEO oversees global operations.,oversees,A
She hides behind the curtains.,hides,C
They consume a delicious meal at the restaurant.,consume,A
He overhears an interesting conversation.,overhears,A
She implemented an advanced healthcare infrastructure overhaul.,implemented,S
He initiates humanitarian missions.,initiates,A
They cycle through the countryside.,cycle,B
She implements new policies in the company.,implements,A
He pioneers breakthroughs in scientific research.,pioneers,A
She holds a bouquet of flowers.,holds,C
She grows vegetables in her backyard.,grows,B
He sculpts intricate sculptures from marble.,sculpts,S
"During the storm, the ship began to tumble in the rough seas.",tumble,A
He plays the guitar at parties.,plays,B
The acrobat executed a perfect somersault in mid-air.,somersault,S
She examines the patient's medical history.,examines,B
She administers medication to her patients.,administers,A
She devises a new strategy for the company.,devises,S
She cleanses her face with a gentle scrub.,cleanses,A
I swim in the pool on hot summer days.,swim,B
The detective interrogates the suspect.,interrogates,B
They discourse on various topics during dinner.,discourse,A
She chuckles at the amusing story.,chuckles,A
She cooks a delicious meal for her family.,cooks,B
She sometimes laments the loss of her loved ones.,laments,S
He unfastens the lock to explore the mysterious room.,unfastens,S
She coordinates disaster relief efforts.,coordinates,A
They consume a delicious meal at the restaurant.,consume,A
He constructs innovative green energy solutions.,constructs,A
They analyzed complex financial derivatives and market trends for high-stakes investments.,analyzed,S
They explore uncharted territories in search of scientific discovery.,explore,S
He scrutinizes the intricate details of the ancient manuscript.,scrutinizes,S
They watch movies on Friday nights.,watch,C
He listens to music with headphones.,listens,B
The waiter serves delicious meals to the customers.,serves,C
They doze off during the long train ride.,doze,A
The spider spins a delicate web.,spider,C
The group bursts into spontaneous guffaws at the comedy show.,guffaws,S
We often chuckle at funny jokes.,chuckle,B
She scrutinizes every aspect of the business plan.,scrutinizes,S
He synchronizes the choreography with the music.,synchronizes,S
The journalist aims to document the historical event.,document,S
The cat pounces on a toy mouse.,pounces,C
I jump in excitement when I'm happy.,jump,B
She directs a blockbuster movie production.,directs,A
The scientist will analyze the intricate chemical reactions.,analyze,S
He theorizes about the nature of the universe.,theorizes,S
I admire the beautiful artwork.,admire,B
The detective analyzes the clues at the crime scene.,analyzes,A
She trains diligently for the upcoming marathon.,trains,A
The couple osculates passionately in the moonlight.,osculates,S
They enjoy a picnic in the park.,enjoy,B
The cat sleeps all day in the sun.,cat,C
The director assembles an ensemble cast for the film.,assembles,S
She plans to scrutinize the financial reports closely.,scrutinize,S
They watch a funny cartoon on TV.,watch,C
The chef prepares a gourmet meal for the guests.,prepares,A
They analyze market trends for investment.,analyze,A
The raccoon rummages through the trash.,raccoon,C
The octopus has tentacles.,octopus,C
He slurps the noodles noisily.,slurps,B
They plant tulip bulbs in the garden.,plant,C
The fox has a bushy tail.,fox,C
They fabricate intricate jewelry designs.,fabricate,S
They sing along to their favorite songs.,sing,B
He orchestrates a diplomatic summit.,orchestrates,A
He inspects the machinery for any issues.,inspects,A
He navigates through a dense forest.,navigates,B
She implements new policies in the company.,implements,A
She impels her team to achieve their goals.,impels,A
They navigate through complex legal regulations.,navigate,A
They skip rope in the playground.,skip,C
The owl hunts for prey at night.,owl,C
The CEO oversees global operations.,oversees,A
She wraps a gift with colorful paper.,wraps,C
The visionary architect conceptualized eco-friendly skyscrapers.,conceptualized,S
He vaults over the high bar with finesse.,vaults,A
He whistles a catchy tune.,whistles,C
The rabbit hops around the garden.,rabbit,C
She swings back and forth in the park.,swings,C
The flamingo stands on one leg.,flamingo,C
She implements a comprehensive healthcare system.,implements,A
The secretary will record the meeting minutes.,record,A
We giggle at silly jokes.,giggle,B
He scribbles notes in his notebook.,scribbles,B
He barks loudly at passing cars.,barks,C
The pilot navigates the plane through turbulent skies.,navigates,B
He constructs a model of the solar system.,constructs,B
He coaches a kids' soccer team.,coaches,B
He optimizes supply chain logistics.,optimizes,A
The architect designs sustainable buildings.,designs,A
They conducted groundbreaking research in regenerative medicine.,conducted,S
She paints colorful pictures.,paints,B
The cold breeze makes her shiver.,shiver.,B
Let's take a stroll in the park.,stroll,B
The diver will immerse into the deep abyss of the ocean.,immerse,S
The pilot navigates the plane through turbulent skies.,navigates,A
She interprets ancient manuscripts.,interprets,A
He dives into the deep end of the pool.,dives,C
The mourners lament the passing of a great leader.,lament,S
They linger in the park after sunset.,linger,A
She always eats breakfast before going to school.,eats,C
"During the hurricane, the ship began to surge in the tumultuous sea.",surge,S
She oversees the entire project with great precision.,oversees,S
He listens to soothing music to relax.,listens,C
They whimper when they're tired.,whimper,B
The bee buzzes around the garden.,bee,C
She patents groundbreaking inventions.,patents,A
She examines the patient's medical history.,examines,A
They administer a large-scale vaccination program.,administer,A
He unlatches the gate to the garden.,unlatches,A
The baby cries for attention.,cries,C
They assemble a team to complete the project.,assemble,B
He cackles with delight at the humorous story.,cackles,S
The dancers twirl gracefully on the stage.,twirl,A
She paints colorful pictures.,paints,B
The snake slithers through the grass.,snake,C
She programs software to solve real-world problems.,programs,B
He corroborates his findings with extensive research.,corroborates,S
I will oversee the project's progress.,oversee,A
The teacher teaches the students.,teaches,B
The kids frolic in the backyard.,frolic,B
The accomplished scientist discovered unknown species.,discovered,S
She coordinates disaster relief efforts.,coordinates,A
She supervised multinational corporate conglomerates.,supervised,S
She interprets ancient manuscripts.,interprets,A
They run marathons for charity.,run,B
She purifies the water to make it safe to drink.,purifies,S
The chef aims to decontaminate the kitchen before cooking.,decontaminate,S
He admires the beautiful artwork.,admires,B
The engineer develops advanced robotics.,develops,A
They research cutting-edge medical treatments.,research,A
The bees buzz around the hive.,bees,C
They analyze market trends for investment.,analyze,A
The research team will scrutinize the findings meticulously.,scrutinize,S
They bake cookies for the holidays.,bake,B
The deer gracefully leaps through the forest.,deer,C
He coordinates the logistics of the event.,coordinates,B
The artist sculpts sculptures from rare materials.,sculpts,A
She combs her hair in front of the mirror.,combs,C
They celebrate birthdays with cake.,celebrate,B
I dream of traveling the world.,dream,B
They weep during sad movies.,weep,A
She sculpts a masterpiece from clay.,sculpts,A
The surgeon performs a delicate procedure.,performs,A
"After work, he likes to lounge on the sofa and watch TV.",lounge,A
She implements new policies in the company.,implements,B
They climb the steep mountain.,climb,C
The dog fetches a stick in the yard.,fetches,C
The scientist will analyze the data collected.,analyze,A
She writes in her journal every night.,writes,C
They navigate through complex legal regulations.,navigate,A
They analyze financial data for investment decisions.,analyze,B
The baker mixes the ingredients for the cake.,mixes,B
They negotiate international peace agreements.,negotiate,A
He bounces a basketball on the court.,bounces,C
The writer crafts compelling narratives for novels.,crafts,S
The sheep provides wool for clothing.,sheep,C
She plants flowers in her garden every spring.,plants,C
They climb a tree in the forest.,climb,C
He listens to music with headphones.,listens,B
He composes poetry in his free time.,composes,A
They jump in puddles after the rain.,jump,C
"A masterful painter, creating a canvas that captures the essence of the human experience.",masterful,S
A deer with antlers.,deer,B
A television remote.,television,C
"A skilled spider, patiently spinning a delicate web to ensnare its prey, a marvel of engineering and patience.",skilled,A
"A library bathed in soft, diffused light, its shelves adorned with books of infinite knowledge, inviting exploration and discovery.",library,A
"An umbrella unfurled against a downpour, a steadfast shield against the elements, a symbol of preparedness.",umbrella,A
A lobster in a tank.,lobster,C
A cat playing with a ball of yarn.,cat,B
"A lavishly set table, adorned with fine china, crystal glasses, and gleaming silverware, a symbol of hospitality and celebration.",lavishly,A
A musician singing a song.,musician,C
A platypus in a stream.,platypus,C
A table with dishes.,table,C
"An intrepid astronaut, clad in a spacesuit, floating amidst the breathtaking vastness of the cosmos, the epitome of human exploration.",intrepid,A
A rabbit hopping.,rabbit,C
"A brilliant geneticist, unlocking the mysteries of DNA and its role in heredity and disease.",brilliant,S
"A towering giraffe, gracefully reaching for the tender leaves of a tall acacia tree, a testament to nature's diversity.",towering,A
"A wise philosopher, contemplating the profound questions of existence and the nature of reality.",wise,S
A jellyfish in the ocean.,jellyfish,C
"A gentle cow, peacefully grazing in a sun-drenched pasture, a symbol of pastoral tranquility.",gentle,A
"A renowned physicist, advancing our understanding of the cosmos through groundbreaking discoveries.",renowned,S
A zebra with stripes.,zebra,C
A platypus in a stream.,platypus,B
"A talented artist, immersed in a canvas of colors, creating a visual masterpiece that speaks to the heart and stirs the soul.",talented,A
A musician playing a guitar.,musician,C
"A magnificent bird in mid-flight, wings outstretched, capturing the essence of freedom and soaring aspirations.",magnificent,A
A chair by the window.,chair,C
"A visionary inventor, creating groundbreaking technologies that revolutionize industries.",visionary,S
A giraffe reaching for leaves.,giraffe,B
"A regal chair at a grand dining table, its ornate design a testament to craftsmanship and elegance.",regal,A
A dog running.,dog,C
"A visionary renewable energy engineer, designing innovative solutions for a sustainable world.",visionary,S
A parrot talking.,parrot,C
A writer typing a story.,writer,C
A scientist in a lab coat.,scientist,B
A police officer on patrol.,police,B
"A dedicated astronaut, embarking on a journey to explore the mysteries of the cosmos.",dedicated,S
A gorilla in the jungle.,gorilla,C
A refrigerator with magnets.,refrigerator,B
"A dedicated humanitarian, working tirelessly to alleviate suffering and promote equality.",dedicated,S
"A passionate environmentalist, advocating for the preservation of our planet's natural wonders.",passionate,S
A bird perched on a branch.,bird,C
A snake slithering.,snake,C
"A passionate environmental activist, leading movements to protect our planet's fragile ecosystems.",passionate,S
"An experienced detective meticulously piecing together clues at a crime scene, unraveling a complex mystery.",experienced,S
A horse with a saddle.,horse,B
A phone with a text message.,phone,B
"A visionary urban planner, designing sustainable cities that prioritize the well-being of residents.",visionary,S
A giraffe eating leaves.,giraffe,C
An athlete running.,athlete,C
A friend giving a hug.,friend,C
"An elite athlete in the heat of competition, pushing the boundaries of human performance, inspiring us to achieve greatness.",elite,A
A kangaroo with a joey.,kangaroo,B
A clock on the wall.,clock,C
"A contented chicken, nestled in a cozy coop, its clucking a soothing backdrop to farm life.",contented,A
A teacher in a classroom.,teacher,C
"A dedicated archaeologist, uncovering the secrets of ancient civilizations buried beneath the earth.",dedicated,S
"A meticulously annotated book, its pages adorned with dog-eared corners, handwritten annotations, and highlighted passages, offering a glimpse into the reader's deep engagement with its contents.",meticulously,A
"A refrigerator door adorned with family photos, drawings, and reminders, a hub of household life and memories.",refrigerator,A
"A bounding kangaroo, effortlessly leaping across the arid Australian landscape, a symbol of adaptability and resilience.",bounding,A
"A formidable crocodile, lurking beneath the surface of a murky swamp, a testament to nature's primal power.",formidable,A
"A diligent scientist, conducting groundbreaking experiments that push the boundaries of human knowledge.",diligent,S
"A dedicated entomologist, studying the intricate world of insects and their vital role in ecosystems.",dedicated,S
A fish leaping out of water.,fish,B
A hamster running on a wheel.,hamster,B
A firefighter holding a hose.,firefighter,C
A bear in the woods.,bear,C
A library with a reading nook.,library,B
"A compassionate humanitarian worker, delivering aid to communities affected by natural disasters and crises.",compassionate,S
A wallet in a pocket.,wallet,C
"A fearless war correspondent, reporting from conflict zones to shed light on the realities of war.",fearless,S
A raccoon searching for food.,raccoon,C
A computer with multiple screens.,computer,B
A car driving.,car,C
A refrigerator with food.,refrigerator,C
A cat purring on a lap.,cat,B
"A majestic seagull, soaring effortlessly above the ocean, its cries a part of the coastal symphony.",majestic,A
"A dedicated paleontologist, uncovering the fossilized remains of ancient creatures from Earth's distant past.",dedicated,S
An octopus underwater.,octopus,C
"A contented cat, curled up on a sun-drenched windowsill, its purring a soothing serenade to a peaceful day.",contented,A
"A dedicated linguist, deciphering ancient scripts and preserving endangered languages.",dedicated,S
A camera capturing a breathtaking landscape.,camera,B
A porcupine with quills.,porcupine,C
"A skilled mechanic beneath a car's hood, hands deftly working to breathe new life into a mechanical marvel, a guardian of automotive dreams.",skilled,A
A penguin sliding on ice.,penguin,B
A school bus picking up kids.,school,B
"A bustling schoolyard, filled with the infectious laughter and curiosity of children, a playground for friendships, learning, and growth.",bustling,A
An octopus with tentacles.,octopus,B
"A passionate musician, pouring heart and soul into a song, their voice and instrument merging into a harmonious melody that resonates deeply.",passionate,A
"A passionate botanist, exploring diverse ecosystems and discovering new plant species.",passionate,S
"A sinuous snake, its scales shimmering in the dappled sunlight as it gracefully winds its way through the branches.",sinuous,A
"A brilliant astronomer, peering through powerful telescopes to unlock the secrets of the cosmos.",brilliant,S
A peacock displaying its feathers.,peacock,C
"A compassionate nurse, providing comfort and care to patients in their most vulnerable moments.",compassionate,S
"A compassionate social worker, providing support to individuals and families facing adversity.",compassionate,S
A horse galloping.,horse,C
A spider spinning a web.,spider,C
A jellyfish drifting in the sea.,jellyfish,B
A beach with waves.,beach,C
A camera taking a picture.,camera,C
A chef preparing a gourmet meal.,chef,B
"A compassionate social worker, advocating for marginalized communities and social justice.",compassionate,S
"A compassionate pediatrician, caring for the health and well-being of young patients.",compassionate,S
A chef tasting a dish.,chef,B
"A fearless test pilot, pushing the limits of aviation in experimental aircraft.",fearless,S
"A porcupine, its quills bristling with sharpness, a formidable deterrent to would-be predators.",its,A
"A masterful blacksmith, forging intricate metalwork that blends artistry and functionality.",masterful,S
"A sleek car, its polished exterior gleaming in the soft glow of a setting sun, a symbol of automotive excellence.",sleek,A
An owl in a tree.,owl,C
A cheetah running fast.,cheetah,C
"A resplendent peacock, proudly displaying its iridescent plumage in a dazzling fan of colors.",resplendent,A
A friend sharing a secret.,friend,B
"A stealthy tiger prowling through the jungle, its striped coat blending seamlessly with the dappled shadows.",stealthy,A
A pig rolling in mud.,pig,B
A musician composing a song.,musician,B
A television showing a movie.,television,C
"A skilled surgeon, performing a life-saving operation with steady hands and unwavering focus.",skilled,S
A scientist conducting an experiment.,scientist,C
"A cunning fox, its fiery fur camouflaged among the vibrant hues of the forest.",cunning,A
"A fearless mountain climber, ascending to breathtaking heights with unwavering determination.",fearless,S
A turtle sunbathing on a rock.,turtle,B
"A songbird perched on a blossoming branch, its melodious song filling the air with music and enchantment.",songbird,A
"A diligent student, surrounded by books and notes, their focused expression a reflection of their thirst for knowledge and growth.",diligent,A
"A passionate humanitarian activist, advocating for the rights and dignity of all people.",passionate,S
A raccoon searching through garbage.,raccoon,B
"A fearless storm chaser, documenting the fury and beauty of nature's most powerful weather phenomena.",fearless,S
"A masterful calligrapher, creating intricate and beautiful scripts with expert brushwork.",masterful,S
A bird singing in a tree.,bird,B
"Two lifelong friends, embracing in a warm hug, their laughter and shared memories a testament to the enduring power of friendship.",Two,A
A crocodile in a swamp.,crocodile,B
A camera capturing a smile.,camera,B
"A majestic eagle, soaring high above the mountains, its keen eyes surveying the world below.",majestic,A
A wallet overflowing with cash.,wallet,B
"A talented glassblower, shaping molten glass into exquisite works of art.",talented,S
A bear catching fish in a river.,bear,B
"A lamp on a table, casting a warm and inviting glow, illuminating our paths through the darkness.",lamp,A
A horse in a stable.,horse,C
"A solitary hedgehog, curled up in a protective ball, a master of self-defense.",solitary,A
A goat balancing on a log.,goat,B
"A courageous emergency medical responder, providing critical care in high-pressure situations.",courageous,S
"A vigilant lifeguard, scanning the waters with unwavering attention, ensuring swimmers' safety.",vigilant,S
A squirrel on a tree.,squirrel,C
A bird building a nest.,bird,B
A gorilla swinging from vines.,gorilla,B
A bee collecting nectar.,bee,B
A doctor listening to a heartbeat.,doctor,C
"A lobster, its armored exoskeleton glistening in the water, a prized catch of the sea.",its,A
"A diligent bee, tirelessly collecting pollen to sustain its hive, a symbol of industriousness and cooperation.",diligent,A
A school with children.,school,C
A porcupine with sharp quills.,porcupine,B
A car parked in a garage.,car,B
A hedgehog curled up.,hedgehog,C
A pen crafting a masterpiece.,pen,B
"A dedicated archaeologist, excavating ancient ruins to uncover clues about past civilizations.",dedicated,S
An umbrella shielding from heavy rain.,umbrella,B
"A luxurious car, meticulously polished to a mirror-like shine, ensconced within a climate-controlled garage adorned with rare vintage car memorabilia.",luxurious,A
A peacock displaying its feathers.,peacock,B
A fox with a bushy tail.,fox,B
A phone on a charger.,phone,C
A hedgehog curled up in a ball.,hedgehog,B
A cow grazing in a field.,cow,B
"A refrigerator brimming with fresh ingredients, a source of culinary inspiration and the heart of family gatherings.",refrigerator,A
A camera lens.,camera,C
A rhinoceros in the wild.,rhinoceros,C
A mechanic fixing an engine.,mechanic,B
A pen on a desk.,pen,C
A lion resting in the shade.,lion,B
"A masterful glassblower, shaping intricate and delicate glass creations with precision.",masterful,S
A lamp on a table.,lamp,C
"A vintage clock, its intricate gears and pendulum in perpetual motion, marking the inexorable passage of time with timeless elegance.",vintage,A
A crocodile in a swamp.,crocodile,C
A mechanic fixing a car.,mechanic,C
A cat chasing a mouse.,cat,C
A tiger prowling in the grass.,tiger,B
An athlete scoring a goal.,athlete,B
A penguin on ice.,penguin,C
A parrot talking.,parrot,B
"A camera's lens focused intently on a subject, capturing a singular moment in time for eternity, a testament to the power of photography.",lens,A
"A passionate musician, lost in the music, fingers caressing guitar strings, a melody weaving its way through the audience's hearts, kindling emotions.",passionate,A
"A brilliant computer scientist, pioneering advancements in artificial intelligence and machine learning.",brilliant,S
"A resourceful secretary, efficiently managing a bustling office, a linchpin of organization and communication.",resourceful,S
A writer with a typewriter.,writer,B
A snake coiled on a branch.,snake,B
"A prolific writer, fingers dancing on a keyboard, weaving words into a tapestry of imagination and emotion, connecting with readers' souls.",prolific,A
A book on a shelf.,book,C
"A masterful sculptor, chiseling a work of art that reveals the soul within the stone.",masterful,S
A mirror reflecting a smiling face.,mirror,B
"A brilliant physicist, unraveling the mysteries of the universe through groundbreaking research.",brilliant,S
"A compassionate counselor, providing guidance and support to individuals facing personal challenges.",compassionate,S
"A nimble goat, balancing precariously on a rocky ledge, its surefooted nature a marvel of adaptation.",nimble,A
"A camera lens capturing a breathtaking landscape, freezing a moment of natural beauty in time.",camera,A
A meerkat standing on its hind legs.,meerkat,B
A clock striking midnight.,clock,B
"A masterful dancer, moving with grace and precision in a mesmerizing performance.",masterful,S
"A brilliant mathematician, unraveling complex equations with elegance and precision.",brilliant,S
"A translucent jellyfish, pulsating gently in the depths of the sea, a symbol of otherworldly beauty.",translucent,A
An artist with a paintbrush.,artist,B
A dog wagging its tail.,dog,C
A bird flying.,bird,C
"A phone, its screen aglow with notifications, a lifeline connecting us to the digital world and to each other.",its,A
A chair at a grand dining table.,chair,B
"A fearless journalist, reporting from the frontlines of global events, seeking truth in the face of danger.",fearless,S
A fish in a pond with lily pads.,fish,B
A cheetah sprinting across the savanna.,cheetah,B
"A dedicated teacher, inspiring the next generation with innovative and engaging lessons.",dedicated,S
"A playful pig, gleefully rolling in a mud puddle, its joyful antics a celebration of simple pleasures.",playful,A
A television with a remote.,television,B
"A masterful conductor, leading an orchestra in a performance that moves the soul.",masterful,S
"A vigilant meerkat, standing on its hind legs, keeping a watchful eye on the African savannah.",vigilant,A
"A talented fashion designer, creating clothing that expresses individuality and style.",talented,S
"A resourceful raccoon, deftly searching through garbage cans, a symbol of urban adaptation.",resourceful,A
"A brilliant economist, analyzing complex financial systems and their impact on society.",brilliant,S
A butterfly on a flower petal.,butterfly,B
"A visionary entrepreneur, building a successful business empire from the ground up.",visionary,S
A horse jumping over a hurdle.,horse,B
A dolphin leaping from the water.,dolphin,B
A bicycle parked near a scenic trail.,bicycle,B
A lamp illuminating a cozy room.,lamp,B
"A talented choreographer, crafting mesmerizing dance routines that convey stories and emotions.",talented,S
A book on a table.,book,C
"A talented chef meticulously crafting a culinary masterpiece, expertly balancing flavors, textures, and presentation in a symphony for the senses.",talented,A
A chair next to a fireplace.,chair,B
"A chameleon, its skin shifting colors to blend seamlessly with its surroundings, a master of adaptation.",its,A
"A firefighter, heroically rescuing a frightened kitten from the heights of a tree, embodying courage, compassion, and community spirit.",heroically,A
A police officer patrolling.,police,C
A clock with moving hands.,clock,B
"A pen on a desk, poised to transcribe the thoughts and dreams that flow from the mind to the page.",pen,A
"A dedicated scientist, surrounded by complex equipment and colorful solutions, unlocking the secrets of the universe with boundless curiosity.",dedicated,A
"A masterful chef, orchestrating a culinary symphony in a bustling kitchen, the aromas and flavors weaving an unforgettable dining experience.",masterful,A
"A skilled gardener, tending to a vibrant tapestry of blooms and foliage, creating a botanical paradise.",skilled,S
"A skilled photographer, capturing moments of beauty and truth that resonate with viewers.",skilled,S
A firefighter rescuing a kitten.,firefighter,B
A chameleon changing colors.,chameleon,C
"A skilled architect, envisioning and designing awe-inspiring structures that redefine city skylines.",skilled,S
An artist painting a picture.,artist,C
A meerkat standing alert.,meerkat,C
"A courageous peacekeeper, working in conflict zones to promote understanding and reconciliation.",courageous,S
A beach with a sandcastle.,beach,B
"A joyful dog, tail wagging enthusiastically, playfully fetching a stick with boundless energy and happiness.",joyful,A
"A massive bear, its fur glistening with the sheen of freshly caught fish, a symbol of nature's grandeur.",massive,A
A musician strumming a guitar.,musician,B
A table set for a feast.,table,B
"A playful hamster, running tirelessly on its wheel, a whirlwind of energy in a tiny package.",playful,A
A tiger prowling.,tiger,C
"A dedicated wildlife conservationist, working to protect endangered species and their habitats.",dedicated,S
A bee buzzing.,bee,C
"A well-worn book, its pages filled with dog-eared corners and hand-scrawled notes, a treasure trove of wisdom and imagination.",its,A
A chair at a desk.,chair,C
"A nimble rabbit hopping through a meadow, its soft fur and agile movements a testament to the beauty of the natural world.",nimble,A
A book open to an exciting chapter.,book,B
A flamingo standing in water.,flamingo,C
A squirrel gathering acorns.,squirrel,B
A fish swimming.,fish,C
A doctor with a stethoscope.,doctor,C
An astronaut floating in space.,astronaut,C
A flamingo wading in water.,flamingo,B
A rabbit nibbling on carrots.,rabbit,B
"A compassionate therapist, providing guidance and support to individuals on their journey to mental well-being.",compassionate,S
"A sleek shark, effortlessly gliding through the depths of the ocean, a symbol of nature's power and mystery.",sleek,A
"A wallet, its worn leather exterior bearing the traces of a life well-lived, a repository of memories and aspirations.",its,A
A mirror on the wall.,mirror,C
A sheep in a field.,sheep,C
"A sleek fish gliding through a clear pond, its iridescent scales catching the dappled sunlight, a living work of art.",sleek,A
"A television remote, its buttons a gateway to a world of entertainment and information at our fingertips.",television,A
"A wallet in a pocket, carrying the essentials of identity and commerce, a silent companion on life's journey.",wallet,A
A lobster in a seafood tank.,lobster,B
A turtle in a pond.,turtle,C
"A bicycle resting by a scenic trail, an invitation to embark on a journey of exploration and adventure.",bicycle,A
"A compassionate doctor, her caring hands gently placed on a patient's chest, attentively listening to the rhythmic melody of a beating heart, symbolizing the art of healing.",compassionate,A
"A playful dolphin, leaping joyfully from the ocean's depths, a symbol of the sea's boundless wonder.",playful,A
"An agile acrobat, defying gravity with breathtaking feats of strength and balance.",agile,S
A chef cooking.,chef,C
"A striking zebra, its bold black and white stripes a striking contrast against the African savannah.",striking,A
"A talented composer, crafting music that resonates with the human soul and stirs deep emotions.",talented,S
A dog chasing a frisbee.,dog,B
"A vigilant police officer, patrolling the city's streets with unwavering dedication, a shield against chaos, and a beacon of safety.",vigilant,A
"A passionate wildlife photographer, capturing the majesty and vulnerability of Earth's creatures.",passionate,S
"A state-of-the-art computer, its processing power humming silently as it seamlessly orchestrates complex tasks in the digital realm.",its,A
A seagull flying over the ocean.,seagull,B
An umbrella in the rain.,umbrella,C
"A comfortable chair bathed in the gentle glow of sunlight, inviting relaxation and contemplation by the window.",comfortable,A
An eagle soaring.,eagle,C
A cow grazing.,cow,C
A chef preparing a meal.,chef,C
"A resilient penguin, expertly navigating the icy terrain of Antarctica, a symbol of endurance and adaptation.",resilient,A
"A loyal and energetic dog obediently retrieving a bright red frisbee, showcasing the bond between human and canine.",loyal,A
"A fearless deep-sea explorer, venturing into the ocean's abyss to discover new life forms.",fearless,S
A firefighter rescuing a cat from a tree.,firefighter,C
"A dedicated librarian, surrounded by ancient tomes and manuscripts, preserving knowledge for future generations.",dedicated,S
"A dedicated teacher, standing before a classroom filled with eager young minds, shaping the future one lesson at a time.",dedicated,A
"A wise owl, perched atop a moss-covered branch, its golden eyes shining with ancient knowledge.",wise,A
"A computer screen alive with lines of code, a digital canvas where ideas come to life through technology.",computer,A
A shark swimming in the deep.,shark,B
"An innovative software developer, creating cutting-edge applications that shape the digital landscape.",innovative,S
A dog fetching a stick.,dog,B
A shark in the ocean.,shark,C
A doctor examining a patient.,doctor,B
An astronaut in a spacesuit.,astronaut,B
A library full of books.,library,C
A butterfly on a flower.,butterfly,C
A phone ringing.,phone,C
A zebra with black and white stripes.,zebra,B
A fish in a pond.,fish,C
"An agile gymnast, performing gravity-defying routines that inspire awe and admiration.",agile,S
"A talented musician, composing a symphony that resonates with the deepest emotions of the audience.",talented,S
"A majestic horse in full gallop, every sinew of its powerful body working in harmony, an embodiment of grace and strength.",majestic,A
"A cheetah, the fastest land animal, streaking across the African plains with unmatched speed and grace.",fastest,A
"A talented poet, weaving words into verses that evoke deep emotions and contemplation.",talented,S
"A majestic horse clearing a hurdle with grace and precision, a testament to the trust and partnership between horse and rider.",majestic,A
"A tranquil beach at sunrise, its golden sands kissed by gentle waves under the warm embrace of the sun's first rays, evoking serenity and renewal.",tranquil,A
"A vibrant fish darting through crystal-clear waters, vibrant scales catching the dappled sunlight, a testament to the beauty of aquatic life.",vibrant,A
"A mirror on the wall, reflecting our ever-changing selves, a witness to our moments of introspection.",mirror,A
"A visionary space explorer, embarking on missions to distant planets in search of extraterrestrial life.",visionary,S
"A serene sheep, peacefully grazing in a lush, green field, its woolly coat a symbol of nature's abundance.",serene,A
"A brilliant nanotechnologist, working at the cutting edge of science to engineer the future.",brilliant,S
"A compassionate hospice worker, providing comfort and support to individuals in their final moments.",compassionate,S
"A masterful chef, orchestrating a multi-course gastronomic extravaganza, each dish a masterpiece of flavor and presentation.",masterful,S
"A massive rhinoceros, its horn a symbol of ancient strength, roaming freely in the wild.",massive,A
"A graceful and agile cat executing a flawless mid-air pounce onto a tangled ball of yarn, epitomizing feline grace and precision.",graceful,A
An eagle swooping down.,eagle,B
A lion roaring.,lion,C
"A cutting-edge television, its expansive screen transporting viewers to vividly immersive worlds, where stories come to life.",its,A
A television showing breaking news.,television,B
"An experienced pilot, guiding a plane through turbulent skies with calm expertise.",experienced,S
"A nimble squirrel, expertly navigating the treetops, a symbol of resourcefulness and agility.",nimble,A
A firefighter climbing a ladder.,firefighter,B
A kangaroo jumping.,kangaroo,C
A cat sleeping.,cat,C
A chicken in a coop.,chicken,C
A hamster running on a wheel.,hamster,C
"A fearless firefighter, clad in protective gear, fearlessly ascending a towering ladder to rescue a stranded kitten, embodying courage and compassion.",fearless,A
A student studying.,student,C
"A graceful octopus, its sinuous tentacles propelling it through the undersea world with grace and precision.",graceful,A
A refrigerator door.,refrigerator,C
A deer in the forest.,deer,C
"A delicate butterfly, its wings a kaleidoscope of colors, sipping nectar from a vibrant flower.",delicate,A
"A tranquil turtle basking on a sunlit rock, its ancient wisdom hidden beneath a serene exterior.",tranquil,A
A computer on a desk.,computer,C
"A daring explorer, trekking through uncharted territories in search of hidden wonders.",daring,S
A computer screen.,computer,C
"A curious platypus, swimming gracefully in a clear stream, a testament to nature's creativity.",curious,A
A spider spinning a web.,spider,B
"A fearless firefighter, rushing into the heart of danger to save lives and protect communities.",fearless,S
"A compassionate animal rights advocate, working to protect the welfare of all living beings.",compassionate,S
A student taking notes.,student,B
"A wise judge, presiding over a courtroom with impartiality and a commitment to justice.",wise,S
"A courageous search and rescue worker, risking their life to save others in perilous situations.",courageous,S
"A renowned author, crafting a novel that captivates readers and sparks profound introspection.",renowned,S
"A majestic lion, its powerful roar reverberating through the savannah, a symbol of strength and majesty.",majestic,A
A dolphin swimming.,dolphin,C
A pig in the mud.,pig,C
A chameleon changing colors.,chameleon,B
A phone ringing loudly.,phone,B
"A brilliant quantum physicist, exploring the mind-bending realm of subatomic particles.",brilliant,S
A car speeding down the highway.,car,B
A rhinoceros with a horn.,rhinoceros,B
A fox in the woods.,fox,C
A goat climbing.,goat,C
"A visionary architect, designing sustainable and inspiring structures that harmonize with nature.",visionary,S
"A compassionate doctor, deeply connected with a patient, their stethoscope a bridge to understanding and healing.",compassionate,A
"A graceful deer, its antlers a crown of nobility, pausing in the dappled shade of a forest glade.",graceful,A
A wallet on a table.,wallet,C
"A charismatic politician, addressing a diverse crowd with eloquence and a vision for a better future.",charismatic,S
An owl perched on a branch.,owl,B
"A clever parrot, perched on a branch, its vivid feathers matching the brilliance of its speech.",clever,A
A refrigerator filled with fresh groceries.,refrigerator,B
"A clock on the wall, its rhythmic ticking a constant companion in the ebb and flow of our daily lives.",clock,A
"A brilliant neuroscientist, unlocking the secrets of the human brain and consciousness.",brilliant,S
"A powerful gorilla, its intelligent gaze a window to the mysteries of the jungle.",powerful,A
"A dedicated veterinarian, caring for animals of all kinds, a healer to furry and feathered friends.",dedicated,S
A chicken roosting in a coop.,chicken,B
A teacher at a chalkboard.,teacher,B
A sheep in a pasture.,sheep,B
"A dedicated geologist, studying the Earth's geological history through rocks and formations.",dedicated,S
A bicycle in a park.,bicycle,C
"A compassionate therapist, helping individuals navigate the complexities of their inner world.",compassionate,S
A car parked outside.,car,C
"A charismatic actor, captivating audiences with a riveting and transformative performance.",charismatic,S
"A phone, vibrating with incoming messages, an indispensable lifeline connecting people across distances, blurring the boundaries of space.",vibrating,A
A wallet with money.,wallet,B
"A fearless cave explorer, delving into the depths of Earth's underground wonders.",fearless,S
A clock ticking.,clock,C
A computer with code on the screen.,computer,B
A seagull by the sea.,seagull,C
A doctor writing a prescription.,doctor,B
"A graceful flamingo, standing gracefully in the shallows, its pink plumage a beacon of elegance.",graceful,A
"A passionate marine biologist, exploring the mysteries of the ocean's depths and the creatures that inhabit it.",passionate,S
A book with a bookmark.,book,B